{
  "created": 1326853478,
  "livemode": false,
  "id": "evt_00000000000000",
  "type": "invoice.updated",
  "object": "event",
  "data": {
    "object": {
      "date": 1380674206,
      "id": "in_00000000000000",
      "period_start": 1378082075,
      "period_end": 1380674075,
      "lines": {
        "count": 1,
        "object": "list",
        "url": "/v1/invoices/in_00000000000000/lines",
        "data": [
          {
            "id": "su_00000000000000",
            "object": "line_item",
            "type": "subscription",
            "livemode": true,
            "amount": 100,
            "currency": "usd",
            "proration": false,
            "period": {
              "start": 1383759047,
              "end": 1386351047
            },
            "quantity": 1,
            "plan": {
              "interval": "month",
              "name": "Member's Club",
              "amount": 100,
              "currency": "usd",
              "id": "fkx0AFo",
              "object": "plan",
              "livemode": false,
              "interval_count": 1,
              "trial_period_days": null,
              "metadata": {}
            },
            "description": null,
            "metadata": null
          }
        ]
      },
      "subtotal": 1000,
      "total": 1000,
      "customer": "cus_00000000000000",
      "object": "invoice",
      "attempted": true,
      "closed": true,
      "paid": true,
      "livemode": false,
      "attempt_count": 1,
      "amount_due": 1000,
      "currency": "usd",
      "starting_balance": 0,
      "ending_balance": 0,
      "next_payment_attempt": 1509225669,
      "charge": "ch_00000000000000",
      "discount": null,
      "application_fee": null,
      "subscription": "sub_00000000000000",
      "metadata": {},
      "description": null
    },
    "previous_attributes": {
      "lines": []
    }
  }
}
